{
	"class_name" : "PinholeCameraParameters",
	"extrinsic" : 
	[
		-0.32368596357755614,
		-0.71227074167375071,
		0.62281440858284087,
		0.0,
		0.85130473790196048,
		0.068034150430276163,
		0.52024186452159438,
		0.0,
		-0.41292570785619942,
		0.69859984607123671,
		0.5843377575176032,
		0.0,
		-0.70927093855236523,
		0.27049787966759165,
		3.8627223204054681,
		1.0
	],
	"intrinsic" : 
	{
		"height" : 1080,
		"intrinsic_matrix" : 
		[
			935.30743608719376,
			0.0,
			0.0,
			0.0,
			935.30743608719376,
			0.0,
			959.5,
			539.5,
			1.0
		],
		"width" : 1920
	},
	"version_major" : 1,
	"version_minor" : 0
}